atom_id,atom_kind,bucket,source_ref,Core1_disposition,Core1_locator,Core1_reason,Core2_disposition,Core2_locator,Core2_reason,Core1A_disposition,Core1A_locator,Core1A_reason,Core1B_disposition,Core1B_locator,Core1B_reason,Core2A_disposition,Core2A_locator,Core2A_reason,Core2B_disposition,Core2B_locator,Core2B_reason,required_core_count,realized_core_count
SRC-CONV-001,source_condition,B01,SYN-M2D-20260915-V1,RECALL,Core1.md#b01-observer-frame-axes-origin-and-common-clock,convention recalled,REFERENCE,Core2.md#source-conventions,source convention,REFERENCE,Core1A.md#b01-observer-frame-axes-origin-and-common-clock,convention reference,RECALL,Core1B.md#b01-observer-frame-axes-origin-and-common-clock,convention recalled,REFERENCE,Core2A.md#2a-q03,convention reference,REFERENCE,Core2B.md#2b-q03,convention reference,6,6
SRC-CONV-002,source_condition,B01,SYN-M2D-20260915-V1,RECALL,Core1.md#b01-observer-frame-axes-origin-and-common-clock,convention recalled,REFERENCE,Core2.md#source-conventions,source convention,REFERENCE,Core1A.md#b01-observer-frame-axes-origin-and-common-clock,convention reference,RECALL,Core1B.md#b01-observer-frame-axes-origin-and-common-clock,convention recalled,REFERENCE,Core2A.md#2a-q03,convention reference,REFERENCE,Core2B.md#2b-q03,convention reference,6,6
SRC-CONV-003,source_condition,B01,SYN-M2D-20260915-V1,RECALL,Core1.md#b01-observer-frame-axes-origin-and-common-clock,convention recalled,REFERENCE,Core2.md#source-conventions,source convention,REFERENCE,Core1A.md#b01-observer-frame-axes-origin-and-common-clock,convention reference,RECALL,Core1B.md#b01-observer-frame-axes-origin-and-common-clock,convention recalled,REFERENCE,Core2A.md#2a-q03,convention reference,REFERENCE,Core2B.md#2b-q03,convention reference,6,6
SRC-CONV-004,source_condition,B04,SYN-M2D-20260915-V1,RECALL,Core1.md#b04-constant-motion-in-two-coordinates-tables-and-graphs,convention recalled,REFERENCE,Core2.md#source-conventions,source convention,REFERENCE,Core1A.md#b04-constant-motion-in-two-coordinates-tables-and-graphs,convention reference,RECALL,Core1B.md#b04-constant-motion-in-two-coordinates-tables-and-graphs,convention recalled,REFERENCE,Core2A.md#2a-q05,convention reference,REFERENCE,Core2B.md#2b-q05,convention reference,6,6
SRC-CONV-005,source_condition,B07,SYN-M2D-20260915-V1,RECALL,Core1.md#b07-meeting-requires-the-same-position-at-the-same-time,convention recalled,REFERENCE,Core2.md#source-conventions,source convention,REFERENCE,Core1A.md#b07-meeting-requires-the-same-position-at-the-same-time,convention reference,RECALL,Core1B.md#b07-meeting-requires-the-same-position-at-the-same-time,convention recalled,REFERENCE,Core2A.md#2a-q07,convention reference,REFERENCE,Core2B.md#2b-q07,convention reference,6,6
SRC-CONV-006,source_condition,B07,SYN-M2D-20260915-V1,RECALL,Core1.md#b07-meeting-requires-the-same-position-at-the-same-time,convention recalled,REFERENCE,Core2.md#source-conventions,source convention,REFERENCE,Core1A.md#b07-meeting-requires-the-same-position-at-the-same-time,convention reference,RECALL,Core1B.md#b07-meeting-requires-the-same-position-at-the-same-time,convention recalled,REFERENCE,Core2A.md#2a-q07,convention reference,REFERENCE,Core2B.md#2b-q07,convention reference,6,6
SRC-CONV-007,source_condition,B03,SYN-M2D-20260915-V1,RECALL,Core1.md#b03-coordinates-components-and-reconstructing-a-vector-visually,convention recalled,REFERENCE,Core2.md#source-conventions,source convention,REFERENCE,Core1A.md#b03-coordinates-components-and-reconstructing-a-vector-visually,convention reference,RECALL,Core1B.md#b03-coordinates-components-and-reconstructing-a-vector-visually,convention recalled,REFERENCE,Core2A.md#2a-q02,convention reference,REFERENCE,Core2B.md#2b-q02,convention reference,6,6
REQ-C-B01-01,contract_concept,B01,ASSIGNMENT-CONTRACT,FULL_TEACHING,Core1.md#b01-observer-frame-axes-origin-and-common-clock,concise teaching,REFERENCE,Core2.md#help-map,canonical help reference,FULL_TEACHING,Core1A.md#b01-observer-frame-axes-origin-and-common-clock,declarative teaching,RECALL,Core1B.md#b01-observer-frame-axes-origin-and-common-clock,reconstruction/reference,APPLICATION,Core2A.md#2a-q03,generated application,TRANSFER,Core2B.md#2b-q03,generated transfer,6,6
REQ-C-B01-02,contract_concept,B01,ASSIGNMENT-CONTRACT,FULL_TEACHING,Core1.md#b01-observer-frame-axes-origin-and-common-clock,concise teaching,REFERENCE,Core2.md#help-map,canonical help reference,FULL_TEACHING,Core1A.md#b01-observer-frame-axes-origin-and-common-clock,declarative teaching,RECALL,Core1B.md#b01-observer-frame-axes-origin-and-common-clock,reconstruction/reference,APPLICATION,Core2A.md#2a-q03,generated application,TRANSFER,Core2B.md#2b-q03,generated transfer,6,6
REQ-C-B01-03,contract_concept,B01,ASSIGNMENT-CONTRACT,FULL_TEACHING,Core1.md#b01-observer-frame-axes-origin-and-common-clock,concise teaching,REFERENCE,Core2.md#help-map,canonical help reference,FULL_TEACHING,Core1A.md#b01-observer-frame-axes-origin-and-common-clock,declarative teaching,RECALL,Core1B.md#b01-observer-frame-axes-origin-and-common-clock,reconstruction/reference,APPLICATION,Core2A.md#2a-q03,generated application,TRANSFER,Core2B.md#2b-q03,generated transfer,6,6
REQ-C-B02-01,contract_concept,B02,ASSIGNMENT-CONTRACT,FULL_TEACHING,Core1.md#b02-path-distance-displacement-and-average-quantities,concise teaching,REFERENCE,Core2.md#help-map,canonical help reference,FULL_TEACHING,Core1A.md#b02-path-distance-displacement-and-average-quantities,declarative teaching,RECALL,Core1B.md#b02-path-distance-displacement-and-average-quantities,reconstruction/reference,APPLICATION,Core2A.md#2a-q01,generated application,TRANSFER,Core2B.md#2b-q01,generated transfer,6,6
REQ-C-B02-02,contract_concept,B02,ASSIGNMENT-CONTRACT,FULL_TEACHING,Core1.md#b02-path-distance-displacement-and-average-quantities,concise teaching,REFERENCE,Core2.md#help-map,canonical help reference,FULL_TEACHING,Core1A.md#b02-path-distance-displacement-and-average-quantities,declarative teaching,RECALL,Core1B.md#b02-path-distance-displacement-and-average-quantities,reconstruction/reference,APPLICATION,Core2A.md#2a-q01,generated application,TRANSFER,Core2B.md#2b-q01,generated transfer,6,6
REQ-C-B02-03,contract_concept,B02,ASSIGNMENT-CONTRACT,FULL_TEACHING,Core1.md#b02-path-distance-displacement-and-average-quantities,concise teaching,REFERENCE,Core2.md#help-map,canonical help reference,FULL_TEACHING,Core1A.md#b02-path-distance-displacement-and-average-quantities,declarative teaching,RECALL,Core1B.md#b02-path-distance-displacement-and-average-quantities,reconstruction/reference,APPLICATION,Core2A.md#2a-q01,generated application,TRANSFER,Core2B.md#2b-q01,generated transfer,6,6
REQ-C-B03-01,contract_concept,B03,ASSIGNMENT-CONTRACT,FULL_TEACHING,Core1.md#b03-coordinates-components-and-reconstructing-a-vector-visually,concise teaching,REFERENCE,Core2.md#help-map,canonical help reference,FULL_TEACHING,Core1A.md#b03-coordinates-components-and-reconstructing-a-vector-visually,declarative teaching,RECALL,Core1B.md#b03-coordinates-components-and-reconstructing-a-vector-visually,reconstruction/reference,APPLICATION,Core2A.md#2a-q02,generated application,TRANSFER,Core2B.md#2b-q02,generated transfer,6,6
REQ-C-B03-02,contract_concept,B03,ASSIGNMENT-CONTRACT,FULL_TEACHING,Core1.md#b03-coordinates-components-and-reconstructing-a-vector-visually,concise teaching,REFERENCE,Core2.md#help-map,canonical help reference,FULL_TEACHING,Core1A.md#b03-coordinates-components-and-reconstructing-a-vector-visually,declarative teaching,RECALL,Core1B.md#b03-coordinates-components-and-reconstructing-a-vector-visually,reconstruction/reference,APPLICATION,Core2A.md#2a-q02,generated application,TRANSFER,Core2B.md#2b-q02,generated transfer,6,6
REQ-C-B03-03,contract_concept,B03,ASSIGNMENT-CONTRACT,FULL_TEACHING,Core1.md#b03-coordinates-components-and-reconstructing-a-vector-visually,concise teaching,REFERENCE,Core2.md#help-map,canonical help reference,FULL_TEACHING,Core1A.md#b03-coordinates-components-and-reconstructing-a-vector-visually,declarative teaching,RECALL,Core1B.md#b03-coordinates-components-and-reconstructing-a-vector-visually,reconstruction/reference,APPLICATION,Core2A.md#2a-q02,generated application,TRANSFER,Core2B.md#2b-q02,generated transfer,6,6
REQ-C-B04-01,contract_concept,B04,ASSIGNMENT-CONTRACT,FULL_TEACHING,Core1.md#b04-constant-motion-in-two-coordinates-tables-and-graphs,concise teaching,REFERENCE,Core2.md#help-map,canonical help reference,FULL_TEACHING,Core1A.md#b04-constant-motion-in-two-coordinates-tables-and-graphs,declarative teaching,RECALL,Core1B.md#b04-constant-motion-in-two-coordinates-tables-and-graphs,reconstruction/reference,APPLICATION,Core2A.md#2a-q05,generated application,TRANSFER,Core2B.md#2b-q05,generated transfer,6,6
REQ-C-B04-02,contract_concept,B04,ASSIGNMENT-CONTRACT,FULL_TEACHING,Core1.md#b04-constant-motion-in-two-coordinates-tables-and-graphs,concise teaching,REFERENCE,Core2.md#help-map,canonical help reference,FULL_TEACHING,Core1A.md#b04-constant-motion-in-two-coordinates-tables-and-graphs,declarative teaching,RECALL,Core1B.md#b04-constant-motion-in-two-coordinates-tables-and-graphs,reconstruction/reference,APPLICATION,Core2A.md#2a-q05,generated application,TRANSFER,Core2B.md#2b-q05,generated transfer,6,6
REQ-C-B04-03,contract_concept,B04,ASSIGNMENT-CONTRACT,FULL_TEACHING,Core1.md#b04-constant-motion-in-two-coordinates-tables-and-graphs,concise teaching,REFERENCE,Core2.md#help-map,canonical help reference,FULL_TEACHING,Core1A.md#b04-constant-motion-in-two-coordinates-tables-and-graphs,declarative teaching,RECALL,Core1B.md#b04-constant-motion-in-two-coordinates-tables-and-graphs,reconstruction/reference,APPLICATION,Core2A.md#2a-q05,generated application,TRANSFER,Core2B.md#2b-q05,generated transfer,6,6
REQ-C-B05-01,contract_concept,B05,ASSIGNMENT-CONTRACT,FULL_TEACHING,Core1.md#b05-one-dimensional-relative-motion-units-and-signs,concise teaching,REFERENCE,Core2.md#help-map,canonical help reference,FULL_TEACHING,Core1A.md#b05-one-dimensional-relative-motion-units-and-signs,declarative teaching,RECALL,Core1B.md#b05-one-dimensional-relative-motion-units-and-signs,reconstruction/reference,APPLICATION,Core2A.md#2a-q04,generated application,TRANSFER,Core2B.md#2b-q04,generated transfer,6,6
REQ-C-B05-02,contract_concept,B05,ASSIGNMENT-CONTRACT,FULL_TEACHING,Core1.md#b05-one-dimensional-relative-motion-units-and-signs,concise teaching,REFERENCE,Core2.md#help-map,canonical help reference,FULL_TEACHING,Core1A.md#b05-one-dimensional-relative-motion-units-and-signs,declarative teaching,RECALL,Core1B.md#b05-one-dimensional-relative-motion-units-and-signs,reconstruction/reference,APPLICATION,Core2A.md#2a-q04,generated application,TRANSFER,Core2B.md#2b-q04,generated transfer,6,6
REQ-C-B05-03,contract_concept,B05,ASSIGNMENT-CONTRACT,FULL_TEACHING,Core1.md#b05-one-dimensional-relative-motion-units-and-signs,concise teaching,REFERENCE,Core2.md#help-map,canonical help reference,FULL_TEACHING,Core1A.md#b05-one-dimensional-relative-motion-units-and-signs,declarative teaching,RECALL,Core1B.md#b05-one-dimensional-relative-motion-units-and-signs,reconstruction/reference,APPLICATION,Core2A.md#2a-q04,generated application,TRANSFER,Core2B.md#2b-q04,generated transfer,6,6
REQ-C-B05-04,contract_concept,B05,ASSIGNMENT-CONTRACT,FULL_TEACHING,Core1.md#b05-one-dimensional-relative-motion-units-and-signs,concise teaching,REFERENCE,Core2.md#help-map,canonical help reference,FULL_TEACHING,Core1A.md#b05-one-dimensional-relative-motion-units-and-signs,declarative teaching,RECALL,Core1B.md#b05-one-dimensional-relative-motion-units-and-signs,reconstruction/reference,APPLICATION,Core2A.md#2a-q04,generated application,TRANSFER,Core2B.md#2b-q04,generated transfer,6,6
REQ-C-B06-01,contract_concept,B06,ASSIGNMENT-CONTRACT,FULL_TEACHING,Core1.md#b06-relative-velocity-in-two-dimensions-and-observer-reversal,concise teaching,REFERENCE,Core2.md#help-map,canonical help reference,FULL_TEACHING,Core1A.md#b06-relative-velocity-in-two-dimensions-and-observer-reversal,declarative teaching,RECALL,Core1B.md#b06-relative-velocity-in-two-dimensions-and-observer-reversal,reconstruction/reference,APPLICATION,Core2A.md#2a-q06,generated application,TRANSFER,Core2B.md#2b-q06,generated transfer,6,6
REQ-C-B06-02,contract_concept,B06,ASSIGNMENT-CONTRACT,FULL_TEACHING,Core1.md#b06-relative-velocity-in-two-dimensions-and-observer-reversal,concise teaching,REFERENCE,Core2.md#help-map,canonical help reference,FULL_TEACHING,Core1A.md#b06-relative-velocity-in-two-dimensions-and-observer-reversal,declarative teaching,RECALL,Core1B.md#b06-relative-velocity-in-two-dimensions-and-observer-reversal,reconstruction/reference,APPLICATION,Core2A.md#2a-q06,generated application,TRANSFER,Core2B.md#2b-q06,generated transfer,6,6
REQ-C-B06-03,contract_concept,B06,ASSIGNMENT-CONTRACT,FULL_TEACHING,Core1.md#b06-relative-velocity-in-two-dimensions-and-observer-reversal,concise teaching,REFERENCE,Core2.md#help-map,canonical help reference,FULL_TEACHING,Core1A.md#b06-relative-velocity-in-two-dimensions-and-observer-reversal,declarative teaching,RECALL,Core1B.md#b06-relative-velocity-in-two-dimensions-and-observer-reversal,reconstruction/reference,APPLICATION,Core2A.md#2a-q06,generated application,TRANSFER,Core2B.md#2b-q06,generated transfer,6,6
REQ-C-B07-01,contract_concept,B07,ASSIGNMENT-CONTRACT,FULL_TEACHING,Core1.md#b07-meeting-requires-the-same-position-at-the-same-time,concise teaching,REFERENCE,Core2.md#help-map,canonical help reference,FULL_TEACHING,Core1A.md#b07-meeting-requires-the-same-position-at-the-same-time,declarative teaching,RECALL,Core1B.md#b07-meeting-requires-the-same-position-at-the-same-time,reconstruction/reference,APPLICATION,Core2A.md#2a-q07,generated application,TRANSFER,Core2B.md#2b-q07,generated transfer,6,6
REQ-C-B07-02,contract_concept,B07,ASSIGNMENT-CONTRACT,FULL_TEACHING,Core1.md#b07-meeting-requires-the-same-position-at-the-same-time,concise teaching,REFERENCE,Core2.md#help-map,canonical help reference,FULL_TEACHING,Core1A.md#b07-meeting-requires-the-same-position-at-the-same-time,declarative teaching,RECALL,Core1B.md#b07-meeting-requires-the-same-position-at-the-same-time,reconstruction/reference,APPLICATION,Core2A.md#2a-q07,generated application,TRANSFER,Core2B.md#2b-q07,generated transfer,6,6
REQ-C-B07-03,contract_concept,B07,ASSIGNMENT-CONTRACT,FULL_TEACHING,Core1.md#b07-meeting-requires-the-same-position-at-the-same-time,concise teaching,REFERENCE,Core2.md#help-map,canonical help reference,FULL_TEACHING,Core1A.md#b07-meeting-requires-the-same-position-at-the-same-time,declarative teaching,RECALL,Core1B.md#b07-meeting-requires-the-same-position-at-the-same-time,reconstruction/reference,APPLICATION,Core2A.md#2a-q07,generated application,TRANSFER,Core2B.md#2b-q07,generated transfer,6,6
REQ-C-B08-01,contract_concept,B08,ASSIGNMENT-CONTRACT,FULL_TEACHING,Core1.md#b08-boatcurrent-and-rainobserver-model-transfer-ambiguity,concise teaching,REFERENCE,Core2.md#help-map,canonical help reference,FULL_TEACHING,Core1A.md#b08-boatcurrent-and-rainobserver-model-transfer-ambiguity,declarative teaching,RECALL,Core1B.md#b08-boatcurrent-and-rainobserver-model-transfer-ambiguity,reconstruction/reference,APPLICATION,Core2A.md#2a-q08,generated application,TRANSFER,Core2B.md#2b-q08,generated transfer,6,6
REQ-C-B08-02,contract_concept,B08,ASSIGNMENT-CONTRACT,FULL_TEACHING,Core1.md#b08-boatcurrent-and-rainobserver-model-transfer-ambiguity,concise teaching,REFERENCE,Core2.md#help-map,canonical help reference,FULL_TEACHING,Core1A.md#b08-boatcurrent-and-rainobserver-model-transfer-ambiguity,declarative teaching,RECALL,Core1B.md#b08-boatcurrent-and-rainobserver-model-transfer-ambiguity,reconstruction/reference,APPLICATION,Core2A.md#2a-q08,generated application,TRANSFER,Core2B.md#2b-q08,generated transfer,6,6
REQ-C-B08-03,contract_concept,B08,ASSIGNMENT-CONTRACT,FULL_TEACHING,Core1.md#b08-boatcurrent-and-rainobserver-model-transfer-ambiguity,concise teaching,REFERENCE,Core2.md#help-map,canonical help reference,FULL_TEACHING,Core1A.md#b08-boatcurrent-and-rainobserver-model-transfer-ambiguity,declarative teaching,RECALL,Core1B.md#b08-boatcurrent-and-rainobserver-model-transfer-ambiguity,reconstruction/reference,APPLICATION,Core2A.md#2a-q08,generated application,TRANSFER,Core2B.md#2b-q08,generated transfer,6,6
REQ-C-B08-04,contract_concept,B08,ASSIGNMENT-CONTRACT,FULL_TEACHING,Core1.md#b08-boatcurrent-and-rainobserver-model-transfer-ambiguity,concise teaching,REFERENCE,Core2.md#help-map,canonical help reference,FULL_TEACHING,Core1A.md#b08-boatcurrent-and-rainobserver-model-transfer-ambiguity,declarative teaching,RECALL,Core1B.md#b08-boatcurrent-and-rainobserver-model-transfer-ambiguity,reconstruction/reference,APPLICATION,Core2A.md#2a-q08,generated application,TRANSFER,Core2B.md#2b-q08,generated transfer,6,6
REQ-C-B08-05,contract_concept,B08,ASSIGNMENT-CONTRACT,FULL_TEACHING,Core1.md#b08-boatcurrent-and-rainobserver-model-transfer-ambiguity,concise teaching,REFERENCE,Core2.md#help-map,canonical help reference,FULL_TEACHING,Core1A.md#b08-boatcurrent-and-rainobserver-model-transfer-ambiguity,declarative teaching,RECALL,Core1B.md#b08-boatcurrent-and-rainobserver-model-transfer-ambiguity,reconstruction/reference,APPLICATION,Core2A.md#2a-q08,generated application,TRANSFER,Core2B.md#2b-q08,generated transfer,6,6
REQ-EQ-001,equation,B03,ASSIGNMENT-CONTRACT,FULL_TEACHING,Core1.md#b03-coordinates-components-and-reconstructing-a-vector-visually,concise teaching,REFERENCE,Core2.md#help-map,canonical help reference,FULL_TEACHING,Core1A.md#b03-coordinates-components-and-reconstructing-a-vector-visually,declarative teaching,RECALL,Core1B.md#b03-coordinates-components-and-reconstructing-a-vector-visually,reconstruction/reference,APPLICATION,Core2A.md#2a-q02,generated application,TRANSFER,Core2B.md#2b-q02,generated transfer,6,6
REQ-EQ-002,equation,B03,ASSIGNMENT-CONTRACT,FULL_TEACHING,Core1.md#b03-coordinates-components-and-reconstructing-a-vector-visually,concise teaching,REFERENCE,Core2.md#help-map,canonical help reference,FULL_TEACHING,Core1A.md#b03-coordinates-components-and-reconstructing-a-vector-visually,declarative teaching,RECALL,Core1B.md#b03-coordinates-components-and-reconstructing-a-vector-visually,reconstruction/reference,APPLICATION,Core2A.md#2a-q02,generated application,TRANSFER,Core2B.md#2b-q02,generated transfer,6,6
REQ-EQ-003,equation,B02,ASSIGNMENT-CONTRACT,FULL_TEACHING,Core1.md#b02-path-distance-displacement-and-average-quantities,concise teaching,REFERENCE,Core2.md#help-map,canonical help reference,FULL_TEACHING,Core1A.md#b02-path-distance-displacement-and-average-quantities,declarative teaching,RECALL,Core1B.md#b02-path-distance-displacement-and-average-quantities,reconstruction/reference,APPLICATION,Core2A.md#2a-q01,generated application,TRANSFER,Core2B.md#2b-q01,generated transfer,6,6
REQ-EQ-004,equation,B04,ASSIGNMENT-CONTRACT,FULL_TEACHING,Core1.md#b04-constant-motion-in-two-coordinates-tables-and-graphs,concise teaching,REFERENCE,Core2.md#help-map,canonical help reference,FULL_TEACHING,Core1A.md#b04-constant-motion-in-two-coordinates-tables-and-graphs,declarative teaching,RECALL,Core1B.md#b04-constant-motion-in-two-coordinates-tables-and-graphs,reconstruction/reference,APPLICATION,Core2A.md#2a-q05,generated application,TRANSFER,Core2B.md#2b-q05,generated transfer,6,6
REQ-EQ-005,equation,B05,ASSIGNMENT-CONTRACT,FULL_TEACHING,Core1.md#b05-one-dimensional-relative-motion-units-and-signs,concise teaching,REFERENCE,Core2.md#help-map,canonical help reference,FULL_TEACHING,Core1A.md#b05-one-dimensional-relative-motion-units-and-signs,declarative teaching,RECALL,Core1B.md#b05-one-dimensional-relative-motion-units-and-signs,reconstruction/reference,APPLICATION,Core2A.md#2a-q04,generated application,TRANSFER,Core2B.md#2b-q04,generated transfer,6,6
REQ-EQ-006,equation,B06,ASSIGNMENT-CONTRACT,FULL_TEACHING,Core1.md#b06-relative-velocity-in-two-dimensions-and-observer-reversal,concise teaching,REFERENCE,Core2.md#help-map,canonical help reference,FULL_TEACHING,Core1A.md#b06-relative-velocity-in-two-dimensions-and-observer-reversal,declarative teaching,RECALL,Core1B.md#b06-relative-velocity-in-two-dimensions-and-observer-reversal,reconstruction/reference,APPLICATION,Core2A.md#2a-q06,generated application,TRANSFER,Core2B.md#2b-q06,generated transfer,6,6
REQ-EQ-007,equation,B07,ASSIGNMENT-CONTRACT,FULL_TEACHING,Core1.md#b07-meeting-requires-the-same-position-at-the-same-time,concise teaching,REFERENCE,Core2.md#help-map,canonical help reference,FULL_TEACHING,Core1A.md#b07-meeting-requires-the-same-position-at-the-same-time,declarative teaching,RECALL,Core1B.md#b07-meeting-requires-the-same-position-at-the-same-time,reconstruction/reference,APPLICATION,Core2A.md#2a-q07,generated application,TRANSFER,Core2B.md#2b-q07,generated transfer,6,6
REQ-EQ-008,equation,B08,ASSIGNMENT-CONTRACT,FULL_TEACHING,Core1.md#b08-boatcurrent-and-rainobserver-model-transfer-ambiguity,concise teaching,REFERENCE,Core2.md#help-map,canonical help reference,FULL_TEACHING,Core1A.md#b08-boatcurrent-and-rainobserver-model-transfer-ambiguity,declarative teaching,RECALL,Core1B.md#b08-boatcurrent-and-rainobserver-model-transfer-ambiguity,reconstruction/reference,APPLICATION,Core2A.md#2a-q08,generated application,TRANSFER,Core2B.md#2b-q08,generated transfer,6,6
REQ-EQ-009,equation,B03,ASSIGNMENT-CONTRACT,FULL_TEACHING,Core1.md#b03-coordinates-components-and-reconstructing-a-vector-visually,concise teaching,REFERENCE,Core2.md#help-map,canonical help reference,FULL_TEACHING,Core1A.md#b03-coordinates-components-and-reconstructing-a-vector-visually,declarative teaching,RECALL,Core1B.md#b03-coordinates-components-and-reconstructing-a-vector-visually,reconstruction/reference,APPLICATION,Core2A.md#2a-q02,generated application,TRANSFER,Core2B.md#2b-q02,generated transfer,6,6
REQ-EQ-010,equation,B05,ASSIGNMENT-CONTRACT,FULL_TEACHING,Core1.md#b05-one-dimensional-relative-motion-units-and-signs,concise teaching,REFERENCE,Core2.md#help-map,canonical help reference,FULL_TEACHING,Core1A.md#b05-one-dimensional-relative-motion-units-and-signs,declarative teaching,RECALL,Core1B.md#b05-one-dimensional-relative-motion-units-and-signs,reconstruction/reference,APPLICATION,Core2A.md#2a-q04,generated application,TRANSFER,Core2B.md#2b-q04,generated transfer,6,6
REQ-EQ-011,equation,B08,ASSIGNMENT-CONTRACT,FULL_TEACHING,Core1.md#b08-boatcurrent-and-rainobserver-model-transfer-ambiguity,concise teaching,REFERENCE,Core2.md#help-map,canonical help reference,FULL_TEACHING,Core1A.md#b08-boatcurrent-and-rainobserver-model-transfer-ambiguity,declarative teaching,RECALL,Core1B.md#b08-boatcurrent-and-rainobserver-model-transfer-ambiguity,reconstruction/reference,APPLICATION,Core2A.md#2a-q08,generated application,TRANSFER,Core2B.md#2b-q08,generated transfer,6,6
REQ-VIS-001,visual_relationship,B02,ASSIGNMENT-CONTRACT,FULL_TEACHING,Core1.md#b02-path-distance-displacement-and-average-quantities,concise teaching,REFERENCE,Core2.md#help-map,canonical help reference,FULL_TEACHING,Core1A.md#b02-path-distance-displacement-and-average-quantities,declarative teaching,RECALL,Core1B.md#b02-path-distance-displacement-and-average-quantities,reconstruction/reference,APPLICATION,Core2A.md#2a-q01,generated application,TRANSFER,Core2B.md#2b-q01,generated transfer,6,6
REQ-VIS-002,visual_relationship,B03,ASSIGNMENT-CONTRACT,FULL_TEACHING,Core1.md#b03-coordinates-components-and-reconstructing-a-vector-visually,concise teaching,REFERENCE,Core2.md#help-map,canonical help reference,FULL_TEACHING,Core1A.md#b03-coordinates-components-and-reconstructing-a-vector-visually,declarative teaching,RECALL,Core1B.md#b03-coordinates-components-and-reconstructing-a-vector-visually,reconstruction/reference,APPLICATION,Core2A.md#2a-q02,generated application,TRANSFER,Core2B.md#2b-q02,generated transfer,6,6
REQ-VIS-003,visual_relationship,B04,ASSIGNMENT-CONTRACT,FULL_TEACHING,Core1.md#b04-constant-motion-in-two-coordinates-tables-and-graphs,concise teaching,REFERENCE,Core2.md#help-map,canonical help reference,FULL_TEACHING,Core1A.md#b04-constant-motion-in-two-coordinates-tables-and-graphs,declarative teaching,RECALL,Core1B.md#b04-constant-motion-in-two-coordinates-tables-and-graphs,reconstruction/reference,APPLICATION,Core2A.md#2a-q05,generated application,TRANSFER,Core2B.md#2b-q05,generated transfer,6,6
REQ-VIS-004,visual_relationship,B04,ASSIGNMENT-CONTRACT,FULL_TEACHING,Core1.md#b04-constant-motion-in-two-coordinates-tables-and-graphs,concise teaching,REFERENCE,Core2.md#help-map,canonical help reference,FULL_TEACHING,Core1A.md#b04-constant-motion-in-two-coordinates-tables-and-graphs,declarative teaching,RECALL,Core1B.md#b04-constant-motion-in-two-coordinates-tables-and-graphs,reconstruction/reference,APPLICATION,Core2A.md#2a-q05,generated application,TRANSFER,Core2B.md#2b-q05,generated transfer,6,6
REQ-VIS-005,visual_relationship,B06,ASSIGNMENT-CONTRACT,FULL_TEACHING,Core1.md#b06-relative-velocity-in-two-dimensions-and-observer-reversal,concise teaching,REFERENCE,Core2.md#help-map,canonical help reference,FULL_TEACHING,Core1A.md#b06-relative-velocity-in-two-dimensions-and-observer-reversal,declarative teaching,RECALL,Core1B.md#b06-relative-velocity-in-two-dimensions-and-observer-reversal,reconstruction/reference,APPLICATION,Core2A.md#2a-q06,generated application,TRANSFER,Core2B.md#2b-q06,generated transfer,6,6
REQ-VIS-006,visual_relationship,B07,ASSIGNMENT-CONTRACT,FULL_TEACHING,Core1.md#b07-meeting-requires-the-same-position-at-the-same-time,concise teaching,REFERENCE,Core2.md#help-map,canonical help reference,FULL_TEACHING,Core1A.md#b07-meeting-requires-the-same-position-at-the-same-time,declarative teaching,RECALL,Core1B.md#b07-meeting-requires-the-same-position-at-the-same-time,reconstruction/reference,APPLICATION,Core2A.md#2a-q07,generated application,TRANSFER,Core2B.md#2b-q07,generated transfer,6,6
REQ-VIS-007,visual_relationship,B08,ASSIGNMENT-CONTRACT,FULL_TEACHING,Core1.md#b08-boatcurrent-and-rainobserver-model-transfer-ambiguity,concise teaching,REFERENCE,Core2.md#help-map,canonical help reference,FULL_TEACHING,Core1A.md#b08-boatcurrent-and-rainobserver-model-transfer-ambiguity,declarative teaching,RECALL,Core1B.md#b08-boatcurrent-and-rainobserver-model-transfer-ambiguity,reconstruction/reference,APPLICATION,Core2A.md#2a-q08,generated application,TRANSFER,Core2B.md#2b-q08,generated transfer,6,6
REQ-VIS-008,visual_relationship,B08,ASSIGNMENT-CONTRACT,FULL_TEACHING,Core1.md#b08-boatcurrent-and-rainobserver-model-transfer-ambiguity,concise teaching,REFERENCE,Core2.md#help-map,canonical help reference,FULL_TEACHING,Core1A.md#b08-boatcurrent-and-rainobserver-model-transfer-ambiguity,declarative teaching,RECALL,Core1B.md#b08-boatcurrent-and-rainobserver-model-transfer-ambiguity,reconstruction/reference,APPLICATION,Core2A.md#2a-q08,generated application,TRANSFER,Core2B.md#2b-q08,generated transfer,6,6
RES-001,research_support,B03,WEB-AUTHORITY,FULL_TEACHING,Core1.md#b03-coordinates-components-and-reconstructing-a-vector-visually,concise teaching,REFERENCE,Core2.md#help-map,canonical help reference,FULL_TEACHING,Core1A.md#b03-coordinates-components-and-reconstructing-a-vector-visually,declarative teaching,REFERENCE,Core1B.md#b03-coordinates-components-and-reconstructing-a-vector-visually,reconstruction/reference,APPLICATION,Core2A.md#2a-q02,generated application,TRANSFER,Core2B.md#2b-q02,generated transfer,6,6
RES-002,research_support,B06,WEB-AUTHORITY,FULL_TEACHING,Core1.md#b06-relative-velocity-in-two-dimensions-and-observer-reversal,concise teaching,REFERENCE,Core2.md#help-map,canonical help reference,FULL_TEACHING,Core1A.md#b06-relative-velocity-in-two-dimensions-and-observer-reversal,declarative teaching,REFERENCE,Core1B.md#b06-relative-velocity-in-two-dimensions-and-observer-reversal,reconstruction/reference,APPLICATION,Core2A.md#2a-q06,generated application,TRANSFER,Core2B.md#2b-q06,generated transfer,6,6
RES-003,research_support,B04,WEB-AUTHORITY,FULL_TEACHING,Core1.md#b04-constant-motion-in-two-coordinates-tables-and-graphs,concise teaching,REFERENCE,Core2.md#help-map,canonical help reference,FULL_TEACHING,Core1A.md#b04-constant-motion-in-two-coordinates-tables-and-graphs,declarative teaching,REFERENCE,Core1B.md#b04-constant-motion-in-two-coordinates-tables-and-graphs,reconstruction/reference,APPLICATION,Core2A.md#2a-q05,generated application,TRANSFER,Core2B.md#2b-q05,generated transfer,6,6
RES-004,research_support,B05,WEB-AUTHORITY,FULL_TEACHING,Core1.md#b05-one-dimensional-relative-motion-units-and-signs,concise teaching,REFERENCE,Core2.md#help-map,canonical help reference,FULL_TEACHING,Core1A.md#b05-one-dimensional-relative-motion-units-and-signs,declarative teaching,REFERENCE,Core1B.md#b05-one-dimensional-relative-motion-units-and-signs,reconstruction/reference,APPLICATION,Core2A.md#2a-q04,generated application,TRANSFER,Core2B.md#2b-q04,generated transfer,6,6
SRC-Q01-FULL,source_question_full,B02,Q01,NOT_REQUIRED_WITH_REASON,,source stem belongs to Core2 only,APPLICATION,Core2.md#q01,frozen source realized,NOT_REQUIRED_WITH_REASON,,source stem belongs to Core2 only,NOT_REQUIRED_WITH_REASON,,source stem belongs to Core2 only,NOT_REQUIRED_WITH_REASON,,source stem belongs to Core2 only,NOT_REQUIRED_WITH_REASON,,source stem belongs to Core2 only,1,1
SRC-Q01-D01,source_datum_or_condition,B02,Q01,NOT_REQUIRED_WITH_REASON,,source stem belongs to Core2 only,APPLICATION,Core2.md#q01,frozen source realized,NOT_REQUIRED_WITH_REASON,,source stem belongs to Core2 only,NOT_REQUIRED_WITH_REASON,,source stem belongs to Core2 only,NOT_REQUIRED_WITH_REASON,,source stem belongs to Core2 only,NOT_REQUIRED_WITH_REASON,,source stem belongs to Core2 only,1,1
SRC-Q01-D02,source_datum_or_condition,B02,Q01,NOT_REQUIRED_WITH_REASON,,source stem belongs to Core2 only,APPLICATION,Core2.md#q01,frozen source realized,NOT_REQUIRED_WITH_REASON,,source stem belongs to Core2 only,NOT_REQUIRED_WITH_REASON,,source stem belongs to Core2 only,NOT_REQUIRED_WITH_REASON,,source stem belongs to Core2 only,NOT_REQUIRED_WITH_REASON,,source stem belongs to Core2 only,1,1
SRC-Q01-D03,source_datum_or_condition,B02,Q01,NOT_REQUIRED_WITH_REASON,,source stem belongs to Core2 only,APPLICATION,Core2.md#q01,frozen source realized,NOT_REQUIRED_WITH_REASON,,source stem belongs to Core2 only,NOT_REQUIRED_WITH_REASON,,source stem belongs to Core2 only,NOT_REQUIRED_WITH_REASON,,source stem belongs to Core2 only,NOT_REQUIRED_WITH_REASON,,source stem belongs to Core2 only,1,1
SRC-Q01-SP01,source_subpart,B02,Q01,NOT_REQUIRED_WITH_REASON,,source stem belongs to Core2 only,APPLICATION,Core2.md#q01,frozen source realized,NOT_REQUIRED_WITH_REASON,,source stem belongs to Core2 only,NOT_REQUIRED_WITH_REASON,,source stem belongs to Core2 only,NOT_REQUIRED_WITH_REASON,,source stem belongs to Core2 only,NOT_REQUIRED_WITH_REASON,,source stem belongs to Core2 only,1,1
SRC-Q01-SP02,source_subpart,B02,Q01,NOT_REQUIRED_WITH_REASON,,source stem belongs to Core2 only,APPLICATION,Core2.md#q01,frozen source realized,NOT_REQUIRED_WITH_REASON,,source stem belongs to Core2 only,NOT_REQUIRED_WITH_REASON,,source stem belongs to Core2 only,NOT_REQUIRED_WITH_REASON,,source stem belongs to Core2 only,NOT_REQUIRED_WITH_REASON,,source stem belongs to Core2 only,1,1
SRC-Q01-SP03,source_subpart,B02,Q01,NOT_REQUIRED_WITH_REASON,,source stem belongs to Core2 only,APPLICATION,Core2.md#q01,frozen source realized,NOT_REQUIRED_WITH_REASON,,source stem belongs to Core2 only,NOT_REQUIRED_WITH_REASON,,source stem belongs to Core2 only,NOT_REQUIRED_WITH_REASON,,source stem belongs to Core2 only,NOT_REQUIRED_WITH_REASON,,source stem belongs to Core2 only,1,1
SRC-Q01-SP04,source_subpart,B02,Q01,NOT_REQUIRED_WITH_REASON,,source stem belongs to Core2 only,APPLICATION,Core2.md#q01,frozen source realized,NOT_REQUIRED_WITH_REASON,,source stem belongs to Core2 only,NOT_REQUIRED_WITH_REASON,,source stem belongs to Core2 only,NOT_REQUIRED_WITH_REASON,,source stem belongs to Core2 only,NOT_REQUIRED_WITH_REASON,,source stem belongs to Core2 only,1,1
SRC-Q02-FULL,source_question_full,B04,Q02,NOT_REQUIRED_WITH_REASON,,source stem belongs to Core2 only,APPLICATION,Core2.md#q02,frozen source realized,NOT_REQUIRED_WITH_REASON,,source stem belongs to Core2 only,NOT_REQUIRED_WITH_REASON,,source stem belongs to Core2 only,NOT_REQUIRED_WITH_REASON,,source stem belongs to Core2 only,NOT_REQUIRED_WITH_REASON,,source stem belongs to Core2 only,1,1
SRC-Q02-D01,source_datum_or_condition,B04,Q02,NOT_REQUIRED_WITH_REASON,,source stem belongs to Core2 only,APPLICATION,Core2.md#q02,frozen source realized,NOT_REQUIRED_WITH_REASON,,source stem belongs to Core2 only,NOT_REQUIRED_WITH_REASON,,source stem belongs to Core2 only,NOT_REQUIRED_WITH_REASON,,source stem belongs to Core2 only,NOT_REQUIRED_WITH_REASON,,source stem belongs to Core2 only,1,1
SRC-Q02-D02,source_datum_or_condition,B04,Q02,NOT_REQUIRED_WITH_REASON,,source stem belongs to Core2 only,APPLICATION,Core2.md#q02,frozen source realized,NOT_REQUIRED_WITH_REASON,,source stem belongs to Core2 only,NOT_REQUIRED_WITH_REASON,,source stem belongs to Core2 only,NOT_REQUIRED_WITH_REASON,,source stem belongs to Core2 only,NOT_REQUIRED_WITH_REASON,,source stem belongs to Core2 only,1,1
SRC-Q02-D03,source_datum_or_condition,B04,Q02,NOT_REQUIRED_WITH_REASON,,source stem belongs to Core2 only,APPLICATION,Core2.md#q02,frozen source realized,NOT_REQUIRED_WITH_REASON,,source stem belongs to Core2 only,NOT_REQUIRED_WITH_REASON,,source stem belongs to Core2 only,NOT_REQUIRED_WITH_REASON,,source stem belongs to Core2 only,NOT_REQUIRED_WITH_REASON,,source stem belongs to Core2 only,1,1
SRC-Q02-D04,source_datum_or_condition,B04,Q02,NOT_REQUIRED_WITH_REASON,,source stem belongs to Core2 only,APPLICATION,Core2.md#q02,frozen source realized,NOT_REQUIRED_WITH_REASON,,source stem belongs to Core2 only,NOT_REQUIRED_WITH_REASON,,source stem belongs to Core2 only,NOT_REQUIRED_WITH_REASON,,source stem belongs to Core2 only,NOT_REQUIRED_WITH_REASON,,source stem belongs to Core2 only,1,1
SRC-Q02-D05,source_datum_or_condition,B04,Q02,NOT_REQUIRED_WITH_REASON,,source stem belongs to Core2 only,APPLICATION,Core2.md#q02,frozen source realized,NOT_REQUIRED_WITH_REASON,,source stem belongs to Core2 only,NOT_REQUIRED_WITH_REASON,,source stem belongs to Core2 only,NOT_REQUIRED_WITH_REASON,,source stem belongs to Core2 only,NOT_REQUIRED_WITH_REASON,,source stem belongs to Core2 only,1,1
SRC-Q02-SP01,source_subpart,B04,Q02,NOT_REQUIRED_WITH_REASON,,source stem belongs to Core2 only,APPLICATION,Core2.md#q02,frozen source realized,NOT_REQUIRED_WITH_REASON,,source stem belongs to Core2 only,NOT_REQUIRED_WITH_REASON,,source stem belongs to Core2 only,NOT_REQUIRED_WITH_REASON,,source stem belongs to Core2 only,NOT_REQUIRED_WITH_REASON,,source stem belongs to Core2 only,1,1
SRC-Q02-SP02,source_subpart,B04,Q02,NOT_REQUIRED_WITH_REASON,,source stem belongs to Core2 only,APPLICATION,Core2.md#q02,frozen source realized,NOT_REQUIRED_WITH_REASON,,source stem belongs to Core2 only,NOT_REQUIRED_WITH_REASON,,source stem belongs to Core2 only,NOT_REQUIRED_WITH_REASON,,source stem belongs to Core2 only,NOT_REQUIRED_WITH_REASON,,source stem belongs to Core2 only,1,1
SRC-Q02-SP03,source_subpart,B04,Q02,NOT_REQUIRED_WITH_REASON,,source stem belongs to Core2 only,APPLICATION,Core2.md#q02,frozen source realized,NOT_REQUIRED_WITH_REASON,,source stem belongs to Core2 only,NOT_REQUIRED_WITH_REASON,,source stem belongs to Core2 only,NOT_REQUIRED_WITH_REASON,,source stem belongs to Core2 only,NOT_REQUIRED_WITH_REASON,,source stem belongs to Core2 only,1,1
SRC-Q02-SP04,source_subpart,B04,Q02,NOT_REQUIRED_WITH_REASON,,source stem belongs to Core2 only,APPLICATION,Core2.md#q02,frozen source realized,NOT_REQUIRED_WITH_REASON,,source stem belongs to Core2 only,NOT_REQUIRED_WITH_REASON,,source stem belongs to Core2 only,NOT_REQUIRED_WITH_REASON,,source stem belongs to Core2 only,NOT_REQUIRED_WITH_REASON,,source stem belongs to Core2 only,1,1
SRC-Q03-FULL,source_question_full,B03,Q03,NOT_REQUIRED_WITH_REASON,,source stem belongs to Core2 only,APPLICATION,Core2.md#q03,frozen source realized,NOT_REQUIRED_WITH_REASON,,source stem belongs to Core2 only,NOT_REQUIRED_WITH_REASON,,source stem belongs to Core2 only,NOT_REQUIRED_WITH_REASON,,source stem belongs to Core2 only,NOT_REQUIRED_WITH_REASON,,source stem belongs to Core2 only,1,1
SRC-Q03-D01,source_datum_or_condition,B03,Q03,NOT_REQUIRED_WITH_REASON,,source stem belongs to Core2 only,APPLICATION,Core2.md#q03,frozen source realized,NOT_REQUIRED_WITH_REASON,,source stem belongs to Core2 only,NOT_REQUIRED_WITH_REASON,,source stem belongs to Core2 only,NOT_REQUIRED_WITH_REASON,,source stem belongs to Core2 only,NOT_REQUIRED_WITH_REASON,,source stem belongs to Core2 only,1,1
SRC-Q03-D02,source_datum_or_condition,B03,Q03,NOT_REQUIRED_WITH_REASON,,source stem belongs to Core2 only,APPLICATION,Core2.md#q03,frozen source realized,NOT_REQUIRED_WITH_REASON,,source stem belongs to Core2 only,NOT_REQUIRED_WITH_REASON,,source stem belongs to Core2 only,NOT_REQUIRED_WITH_REASON,,source stem belongs to Core2 only,NOT_REQUIRED_WITH_REASON,,source stem belongs to Core2 only,1,1
SRC-Q03-D03,source_datum_or_condition,B03,Q03,NOT_REQUIRED_WITH_REASON,,source stem belongs to Core2 only,APPLICATION,Core2.md#q03,frozen source realized,NOT_REQUIRED_WITH_REASON,,source stem belongs to Core2 only,NOT_REQUIRED_WITH_REASON,,source stem belongs to Core2 only,NOT_REQUIRED_WITH_REASON,,source stem belongs to Core2 only,NOT_REQUIRED_WITH_REASON,,source stem belongs to Core2 only,1,1
SRC-Q03-SP01,source_subpart,B03,Q03,NOT_REQUIRED_WITH_REASON,,source stem belongs to Core2 only,APPLICATION,Core2.md#q03,frozen source realized,NOT_REQUIRED_WITH_REASON,,source stem belongs to Core2 only,NOT_REQUIRED_WITH_REASON,,source stem belongs to Core2 only,NOT_REQUIRED_WITH_REASON,,source stem belongs to Core2 only,NOT_REQUIRED_WITH_REASON,,source stem belongs to Core2 only,1,1
SRC-Q03-SP02,source_subpart,B03,Q03,NOT_REQUIRED_WITH_REASON,,source stem belongs to Core2 only,APPLICATION,Core2.md#q03,frozen source realized,NOT_REQUIRED_WITH_REASON,,source stem belongs to Core2 only,NOT_REQUIRED_WITH_REASON,,source stem belongs to Core2 only,NOT_REQUIRED_WITH_REASON,,source stem belongs to Core2 only,NOT_REQUIRED_WITH_REASON,,source stem belongs to Core2 only,1,1
SRC-Q03-SP03,source_subpart,B03,Q03,NOT_REQUIRED_WITH_REASON,,source stem belongs to Core2 only,APPLICATION,Core2.md#q03,frozen source realized,NOT_REQUIRED_WITH_REASON,,source stem belongs to Core2 only,NOT_REQUIRED_WITH_REASON,,source stem belongs to Core2 only,NOT_REQUIRED_WITH_REASON,,source stem belongs to Core2 only,NOT_REQUIRED_WITH_REASON,,source stem belongs to Core2 only,1,1
SRC-Q04-FULL,source_question_full,B05,Q04,NOT_REQUIRED_WITH_REASON,,source stem belongs to Core2 only,APPLICATION,Core2.md#q04,frozen source realized,NOT_REQUIRED_WITH_REASON,,source stem belongs to Core2 only,NOT_REQUIRED_WITH_REASON,,source stem belongs to Core2 only,NOT_REQUIRED_WITH_REASON,,source stem belongs to Core2 only,NOT_REQUIRED_WITH_REASON,,source stem belongs to Core2 only,1,1
SRC-Q04-D01,source_datum_or_condition,B05,Q04,NOT_REQUIRED_WITH_REASON,,source stem belongs to Core2 only,APPLICATION,Core2.md#q04,frozen source realized,NOT_REQUIRED_WITH_REASON,,source stem belongs to Core2 only,NOT_REQUIRED_WITH_REASON,,source stem belongs to Core2 only,NOT_REQUIRED_WITH_REASON,,source stem belongs to Core2 only,NOT_REQUIRED_WITH_REASON,,source stem belongs to Core2 only,1,1
SRC-Q04-D02,source_datum_or_condition,B05,Q04,NOT_REQUIRED_WITH_REASON,,source stem belongs to Core2 only,APPLICATION,Core2.md#q04,frozen source realized,NOT_REQUIRED_WITH_REASON,,source stem belongs to Core2 only,NOT_REQUIRED_WITH_REASON,,source stem belongs to Core2 only,NOT_REQUIRED_WITH_REASON,,source stem belongs to Core2 only,NOT_REQUIRED_WITH_REASON,,source stem belongs to Core2 only,1,1
SRC-Q04-D03,source_datum_or_condition,B05,Q04,NOT_REQUIRED_WITH_REASON,,source stem belongs to Core2 only,APPLICATION,Core2.md#q04,frozen source realized,NOT_REQUIRED_WITH_REASON,,source stem belongs to Core2 only,NOT_REQUIRED_WITH_REASON,,source stem belongs to Core2 only,NOT_REQUIRED_WITH_REASON,,source stem belongs to Core2 only,NOT_REQUIRED_WITH_REASON,,source stem belongs to Core2 only,1,1
SRC-Q04-D04,source_datum_or_condition,B05,Q04,NOT_REQUIRED_WITH_REASON,,source stem belongs to Core2 only,APPLICATION,Core2.md#q04,frozen source realized,NOT_REQUIRED_WITH_REASON,,source stem belongs to Core2 only,NOT_REQUIRED_WITH_REASON,,source stem belongs to Core2 only,NOT_REQUIRED_WITH_REASON,,source stem belongs to Core2 only,NOT_REQUIRED_WITH_REASON,,source stem belongs to Core2 only,1,1
SRC-Q04-D05,source_datum_or_condition,B05,Q04,NOT_REQUIRED_WITH_REASON,,source stem belongs to Core2 only,APPLICATION,Core2.md#q04,frozen source realized,NOT_REQUIRED_WITH_REASON,,source stem belongs to Core2 only,NOT_REQUIRED_WITH_REASON,,source stem belongs to Core2 only,NOT_REQUIRED_WITH_REASON,,source stem belongs to Core2 only,NOT_REQUIRED_WITH_REASON,,source stem belongs to Core2 only,1,1
SRC-Q04-SP01,source_subpart,B05,Q04,NOT_REQUIRED_WITH_REASON,,source stem belongs to Core2 only,APPLICATION,Core2.md#q04,frozen source realized,NOT_REQUIRED_WITH_REASON,,source stem belongs to Core2 only,NOT_REQUIRED_WITH_REASON,,source stem belongs to Core2 only,NOT_REQUIRED_WITH_REASON,,source stem belongs to Core2 only,NOT_REQUIRED_WITH_REASON,,source stem belongs to Core2 only,1,1
SRC-Q04-SP02,source_subpart,B05,Q04,NOT_REQUIRED_WITH_REASON,,source stem belongs to Core2 only,APPLICATION,Core2.md#q04,frozen source realized,NOT_REQUIRED_WITH_REASON,,source stem belongs to Core2 only,NOT_REQUIRED_WITH_REASON,,source stem belongs to Core2 only,NOT_REQUIRED_WITH_REASON,,source stem belongs to Core2 only,NOT_REQUIRED_WITH_REASON,,source stem belongs to Core2 only,1,1
SRC-Q04-SP03,source_subpart,B05,Q04,NOT_REQUIRED_WITH_REASON,,source stem belongs to Core2 only,APPLICATION,Core2.md#q04,frozen source realized,NOT_REQUIRED_WITH_REASON,,source stem belongs to Core2 only,NOT_REQUIRED_WITH_REASON,,source stem belongs to Core2 only,NOT_REQUIRED_WITH_REASON,,source stem belongs to Core2 only,NOT_REQUIRED_WITH_REASON,,source stem belongs to Core2 only,1,1
SRC-Q05-FULL,source_question_full,B05,Q05,NOT_REQUIRED_WITH_REASON,,source stem belongs to Core2 only,APPLICATION,Core2.md#q05,frozen source realized,NOT_REQUIRED_WITH_REASON,,source stem belongs to Core2 only,NOT_REQUIRED_WITH_REASON,,source stem belongs to Core2 only,NOT_REQUIRED_WITH_REASON,,source stem belongs to Core2 only,NOT_REQUIRED_WITH_REASON,,source stem belongs to Core2 only,1,1
SRC-Q05-D01,source_datum_or_condition,B05,Q05,NOT_REQUIRED_WITH_REASON,,source stem belongs to Core2 only,APPLICATION,Core2.md#q05,frozen source realized,NOT_REQUIRED_WITH_REASON,,source stem belongs to Core2 only,NOT_REQUIRED_WITH_REASON,,source stem belongs to Core2 only,NOT_REQUIRED_WITH_REASON,,source stem belongs to Core2 only,NOT_REQUIRED_WITH_REASON,,source stem belongs to Core2 only,1,1
SRC-Q05-D02,source_datum_or_condition,B05,Q05,NOT_REQUIRED_WITH_REASON,,source stem belongs to Core2 only,APPLICATION,Core2.md#q05,frozen source realized,NOT_REQUIRED_WITH_REASON,,source stem belongs to Core2 only,NOT_REQUIRED_WITH_REASON,,source stem belongs to Core2 only,NOT_REQUIRED_WITH_REASON,,source stem belongs to Core2 only,NOT_REQUIRED_WITH_REASON,,source stem belongs to Core2 only,1,1
SRC-Q05-D03,source_datum_or_condition,B05,Q05,NOT_REQUIRED_WITH_REASON,,source stem belongs to Core2 only,APPLICATION,Core2.md#q05,frozen source realized,NOT_REQUIRED_WITH_REASON,,source stem belongs to Core2 only,NOT_REQUIRED_WITH_REASON,,source stem belongs to Core2 only,NOT_REQUIRED_WITH_REASON,,source stem belongs to Core2 only,NOT_REQUIRED_WITH_REASON,,source stem belongs to Core2 only,1,1
SRC-Q05-D04,source_datum_or_condition,B05,Q05,NOT_REQUIRED_WITH_REASON,,source stem belongs to Core2 only,APPLICATION,Core2.md#q05,frozen source realized,NOT_REQUIRED_WITH_REASON,,source stem belongs to Core2 only,NOT_REQUIRED_WITH_REASON,,source stem belongs to Core2 only,NOT_REQUIRED_WITH_REASON,,source stem belongs to Core2 only,NOT_REQUIRED_WITH_REASON,,source stem belongs to Core2 only,1,1
SRC-Q05-D05,source_datum_or_condition,B05,Q05,NOT_REQUIRED_WITH_REASON,,source stem belongs to Core2 only,APPLICATION,Core2.md#q05,frozen source realized,NOT_REQUIRED_WITH_REASON,,source stem belongs to Core2 only,NOT_REQUIRED_WITH_REASON,,source stem belongs to Core2 only,NOT_REQUIRED_WITH_REASON,,source stem belongs to Core2 only,NOT_REQUIRED_WITH_REASON,,source stem belongs to Core2 only,1,1
SRC-Q05-SP01,source_subpart,B05,Q05,NOT_REQUIRED_WITH_REASON,,source stem belongs to Core2 only,APPLICATION,Core2.md#q05,frozen source realized,NOT_REQUIRED_WITH_REASON,,source stem belongs to Core2 only,NOT_REQUIRED_WITH_REASON,,source stem belongs to Core2 only,NOT_REQUIRED_WITH_REASON,,source stem belongs to Core2 only,NOT_REQUIRED_WITH_REASON,,source stem belongs to Core2 only,1,1
SRC-Q05-SP02,source_subpart,B05,Q05,NOT_REQUIRED_WITH_REASON,,source stem belongs to Core2 only,APPLICATION,Core2.md#q05,frozen source realized,NOT_REQUIRED_WITH_REASON,,source stem belongs to Core2 only,NOT_REQUIRED_WITH_REASON,,source stem belongs to Core2 only,NOT_REQUIRED_WITH_REASON,,source stem belongs to Core2 only,NOT_REQUIRED_WITH_REASON,,source stem belongs to Core2 only,1,1
SRC-Q06-FULL,source_question_full,B06,Q06,NOT_REQUIRED_WITH_REASON,,source stem belongs to Core2 only,APPLICATION,Core2.md#q06,frozen source realized,NOT_REQUIRED_WITH_REASON,,source stem belongs to Core2 only,NOT_REQUIRED_WITH_REASON,,source stem belongs to Core2 only,NOT_REQUIRED_WITH_REASON,,source stem belongs to Core2 only,NOT_REQUIRED_WITH_REASON,,source stem belongs to Core2 only,1,1
SRC-Q06-D01,source_datum_or_condition,B06,Q06,NOT_REQUIRED_WITH_REASON,,source stem belongs to Core2 only,APPLICATION,Core2.md#q06,frozen source realized,NOT_REQUIRED_WITH_REASON,,source stem belongs to Core2 only,NOT_REQUIRED_WITH_REASON,,source stem belongs to Core2 only,NOT_REQUIRED_WITH_REASON,,source stem belongs to Core2 only,NOT_REQUIRED_WITH_REASON,,source stem belongs to Core2 only,1,1
SRC-Q06-D02,source_datum_or_condition,B06,Q06,NOT_REQUIRED_WITH_REASON,,source stem belongs to Core2 only,APPLICATION,Core2.md#q06,frozen source realized,NOT_REQUIRED_WITH_REASON,,source stem belongs to Core2 only,NOT_REQUIRED_WITH_REASON,,source stem belongs to Core2 only,NOT_REQUIRED_WITH_REASON,,source stem belongs to Core2 only,NOT_REQUIRED_WITH_REASON,,source stem belongs to Core2 only,1,1
SRC-Q06-D03,source_datum_or_condition,B06,Q06,NOT_REQUIRED_WITH_REASON,,source stem belongs to Core2 only,APPLICATION,Core2.md#q06,frozen source realized,NOT_REQUIRED_WITH_REASON,,source stem belongs to Core2 only,NOT_REQUIRED_WITH_REASON,,source stem belongs to Core2 only,NOT_REQUIRED_WITH_REASON,,source stem belongs to Core2 only,NOT_REQUIRED_WITH_REASON,,source stem belongs to Core2 only,1,1
SRC-Q06-D04,source_datum_or_condition,B06,Q06,NOT_REQUIRED_WITH_REASON,,source stem belongs to Core2 only,APPLICATION,Core2.md#q06,frozen source realized,NOT_REQUIRED_WITH_REASON,,source stem belongs to Core2 only,NOT_REQUIRED_WITH_REASON,,source stem belongs to Core2 only,NOT_REQUIRED_WITH_REASON,,source stem belongs to Core2 only,NOT_REQUIRED_WITH_REASON,,source stem belongs to Core2 only,1,1
SRC-Q06-D05,source_datum_or_condition,B06,Q06,NOT_REQUIRED_WITH_REASON,,source stem belongs to Core2 only,APPLICATION,Core2.md#q06,frozen source realized,NOT_REQUIRED_WITH_REASON,,source stem belongs to Core2 only,NOT_REQUIRED_WITH_REASON,,source stem belongs to Core2 only,NOT_REQUIRED_WITH_REASON,,source stem belongs to Core2 only,NOT_REQUIRED_WITH_REASON,,source stem belongs to Core2 only,1,1
SRC-Q06-SP01,source_subpart,B06,Q06,NOT_REQUIRED_WITH_REASON,,source stem belongs to Core2 only,APPLICATION,Core2.md#q06,frozen source realized,NOT_REQUIRED_WITH_REASON,,source stem belongs to Core2 only,NOT_REQUIRED_WITH_REASON,,source stem belongs to Core2 only,NOT_REQUIRED_WITH_REASON,,source stem belongs to Core2 only,NOT_REQUIRED_WITH_REASON,,source stem belongs to Core2 only,1,1
SRC-Q06-SP02,source_subpart,B06,Q06,NOT_REQUIRED_WITH_REASON,,source stem belongs to Core2 only,APPLICATION,Core2.md#q06,frozen source realized,NOT_REQUIRED_WITH_REASON,,source stem belongs to Core2 only,NOT_REQUIRED_WITH_REASON,,source stem belongs to Core2 only,NOT_REQUIRED_WITH_REASON,,source stem belongs to Core2 only,NOT_REQUIRED_WITH_REASON,,source stem belongs to Core2 only,1,1
SRC-Q06-SP03,source_subpart,B06,Q06,NOT_REQUIRED_WITH_REASON,,source stem belongs to Core2 only,APPLICATION,Core2.md#q06,frozen source realized,NOT_REQUIRED_WITH_REASON,,source stem belongs to Core2 only,NOT_REQUIRED_WITH_REASON,,source stem belongs to Core2 only,NOT_REQUIRED_WITH_REASON,,source stem belongs to Core2 only,NOT_REQUIRED_WITH_REASON,,source stem belongs to Core2 only,1,1
SRC-Q07-FULL,source_question_full,B07,Q07,NOT_REQUIRED_WITH_REASON,,source stem belongs to Core2 only,APPLICATION,Core2.md#q07,frozen source realized,NOT_REQUIRED_WITH_REASON,,source stem belongs to Core2 only,NOT_REQUIRED_WITH_REASON,,source stem belongs to Core2 only,NOT_REQUIRED_WITH_REASON,,source stem belongs to Core2 only,NOT_REQUIRED_WITH_REASON,,source stem belongs to Core2 only,1,1
SRC-Q07-D01,source_datum_or_condition,B07,Q07,NOT_REQUIRED_WITH_REASON,,source stem belongs to Core2 only,APPLICATION,Core2.md#q07,frozen source realized,NOT_REQUIRED_WITH_REASON,,source stem belongs to Core2 only,NOT_REQUIRED_WITH_REASON,,source stem belongs to Core2 only,NOT_REQUIRED_WITH_REASON,,source stem belongs to Core2 only,NOT_REQUIRED_WITH_REASON,,source stem belongs to Core2 only,1,1
SRC-Q07-D02,source_datum_or_condition,B07,Q07,NOT_REQUIRED_WITH_REASON,,source stem belongs to Core2 only,APPLICATION,Core2.md#q07,frozen source realized,NOT_REQUIRED_WITH_REASON,,source stem belongs to Core2 only,NOT_REQUIRED_WITH_REASON,,source stem belongs to Core2 only,NOT_REQUIRED_WITH_REASON,,source stem belongs to Core2 only,NOT_REQUIRED_WITH_REASON,,source stem belongs to Core2 only,1,1
SRC-Q07-D03,source_datum_or_condition,B07,Q07,NOT_REQUIRED_WITH_REASON,,source stem belongs to Core2 only,APPLICATION,Core2.md#q07,frozen source realized,NOT_REQUIRED_WITH_REASON,,source stem belongs to Core2 only,NOT_REQUIRED_WITH_REASON,,source stem belongs to Core2 only,NOT_REQUIRED_WITH_REASON,,source stem belongs to Core2 only,NOT_REQUIRED_WITH_REASON,,source stem belongs to Core2 only,1,1
SRC-Q07-D04,source_datum_or_condition,B07,Q07,NOT_REQUIRED_WITH_REASON,,source stem belongs to Core2 only,APPLICATION,Core2.md#q07,frozen source realized,NOT_REQUIRED_WITH_REASON,,source stem belongs to Core2 only,NOT_REQUIRED_WITH_REASON,,source stem belongs to Core2 only,NOT_REQUIRED_WITH_REASON,,source stem belongs to Core2 only,NOT_REQUIRED_WITH_REASON,,source stem belongs to Core2 only,1,1
SRC-Q07-D05,source_datum_or_condition,B07,Q07,NOT_REQUIRED_WITH_REASON,,source stem belongs to Core2 only,APPLICATION,Core2.md#q07,frozen source realized,NOT_REQUIRED_WITH_REASON,,source stem belongs to Core2 only,NOT_REQUIRED_WITH_REASON,,source stem belongs to Core2 only,NOT_REQUIRED_WITH_REASON,,source stem belongs to Core2 only,NOT_REQUIRED_WITH_REASON,,source stem belongs to Core2 only,1,1
SRC-Q07-SP01,source_subpart,B07,Q07,NOT_REQUIRED_WITH_REASON,,source stem belongs to Core2 only,APPLICATION,Core2.md#q07,frozen source realized,NOT_REQUIRED_WITH_REASON,,source stem belongs to Core2 only,NOT_REQUIRED_WITH_REASON,,source stem belongs to Core2 only,NOT_REQUIRED_WITH_REASON,,source stem belongs to Core2 only,NOT_REQUIRED_WITH_REASON,,source stem belongs to Core2 only,1,1
SRC-Q08-FULL,source_question_full,B07,Q08,NOT_REQUIRED_WITH_REASON,,source stem belongs to Core2 only,APPLICATION,Core2.md#q08,frozen source realized,NOT_REQUIRED_WITH_REASON,,source stem belongs to Core2 only,NOT_REQUIRED_WITH_REASON,,source stem belongs to Core2 only,NOT_REQUIRED_WITH_REASON,,source stem belongs to Core2 only,NOT_REQUIRED_WITH_REASON,,source stem belongs to Core2 only,1,1
SRC-Q08-D01,source_datum_or_condition,B07,Q08,NOT_REQUIRED_WITH_REASON,,source stem belongs to Core2 only,APPLICATION,Core2.md#q08,frozen source realized,NOT_REQUIRED_WITH_REASON,,source stem belongs to Core2 only,NOT_REQUIRED_WITH_REASON,,source stem belongs to Core2 only,NOT_REQUIRED_WITH_REASON,,source stem belongs to Core2 only,NOT_REQUIRED_WITH_REASON,,source stem belongs to Core2 only,1,1
SRC-Q08-D02,source_datum_or_condition,B07,Q08,NOT_REQUIRED_WITH_REASON,,source stem belongs to Core2 only,APPLICATION,Core2.md#q08,frozen source realized,NOT_REQUIRED_WITH_REASON,,source stem belongs to Core2 only,NOT_REQUIRED_WITH_REASON,,source stem belongs to Core2 only,NOT_REQUIRED_WITH_REASON,,source stem belongs to Core2 only,NOT_REQUIRED_WITH_REASON,,source stem belongs to Core2 only,1,1
SRC-Q08-D03,source_datum_or_condition,B07,Q08,NOT_REQUIRED_WITH_REASON,,source stem belongs to Core2 only,APPLICATION,Core2.md#q08,frozen source realized,NOT_REQUIRED_WITH_REASON,,source stem belongs to Core2 only,NOT_REQUIRED_WITH_REASON,,source stem belongs to Core2 only,NOT_REQUIRED_WITH_REASON,,source stem belongs to Core2 only,NOT_REQUIRED_WITH_REASON,,source stem belongs to Core2 only,1,1
SRC-Q08-D04,source_datum_or_condition,B07,Q08,NOT_REQUIRED_WITH_REASON,,source stem belongs to Core2 only,APPLICATION,Core2.md#q08,frozen source realized,NOT_REQUIRED_WITH_REASON,,source stem belongs to Core2 only,NOT_REQUIRED_WITH_REASON,,source stem belongs to Core2 only,NOT_REQUIRED_WITH_REASON,,source stem belongs to Core2 only,NOT_REQUIRED_WITH_REASON,,source stem belongs to Core2 only,1,1
SRC-Q08-D05,source_datum_or_condition,B07,Q08,NOT_REQUIRED_WITH_REASON,,source stem belongs to Core2 only,APPLICATION,Core2.md#q08,frozen source realized,NOT_REQUIRED_WITH_REASON,,source stem belongs to Core2 only,NOT_REQUIRED_WITH_REASON,,source stem belongs to Core2 only,NOT_REQUIRED_WITH_REASON,,source stem belongs to Core2 only,NOT_REQUIRED_WITH_REASON,,source stem belongs to Core2 only,1,1
SRC-Q08-SP01,source_subpart,B07,Q08,NOT_REQUIRED_WITH_REASON,,source stem belongs to Core2 only,APPLICATION,Core2.md#q08,frozen source realized,NOT_REQUIRED_WITH_REASON,,source stem belongs to Core2 only,NOT_REQUIRED_WITH_REASON,,source stem belongs to Core2 only,NOT_REQUIRED_WITH_REASON,,source stem belongs to Core2 only,NOT_REQUIRED_WITH_REASON,,source stem belongs to Core2 only,1,1
SRC-Q08-SP02,source_subpart,B07,Q08,NOT_REQUIRED_WITH_REASON,,source stem belongs to Core2 only,APPLICATION,Core2.md#q08,frozen source realized,NOT_REQUIRED_WITH_REASON,,source stem belongs to Core2 only,NOT_REQUIRED_WITH_REASON,,source stem belongs to Core2 only,NOT_REQUIRED_WITH_REASON,,source stem belongs to Core2 only,NOT_REQUIRED_WITH_REASON,,source stem belongs to Core2 only,1,1
SRC-Q08-SP03,source_subpart,B07,Q08,NOT_REQUIRED_WITH_REASON,,source stem belongs to Core2 only,APPLICATION,Core2.md#q08,frozen source realized,NOT_REQUIRED_WITH_REASON,,source stem belongs to Core2 only,NOT_REQUIRED_WITH_REASON,,source stem belongs to Core2 only,NOT_REQUIRED_WITH_REASON,,source stem belongs to Core2 only,NOT_REQUIRED_WITH_REASON,,source stem belongs to Core2 only,1,1
SRC-Q09-FULL,source_question_full,B08,Q09,NOT_REQUIRED_WITH_REASON,,source stem belongs to Core2 only,APPLICATION,Core2.md#q09,frozen source realized,NOT_REQUIRED_WITH_REASON,,source stem belongs to Core2 only,NOT_REQUIRED_WITH_REASON,,source stem belongs to Core2 only,NOT_REQUIRED_WITH_REASON,,source stem belongs to Core2 only,NOT_REQUIRED_WITH_REASON,,source stem belongs to Core2 only,1,1
SRC-Q09-D01,source_datum_or_condition,B08,Q09,NOT_REQUIRED_WITH_REASON,,source stem belongs to Core2 only,APPLICATION,Core2.md#q09,frozen source realized,NOT_REQUIRED_WITH_REASON,,source stem belongs to Core2 only,NOT_REQUIRED_WITH_REASON,,source stem belongs to Core2 only,NOT_REQUIRED_WITH_REASON,,source stem belongs to Core2 only,NOT_REQUIRED_WITH_REASON,,source stem belongs to Core2 only,1,1
SRC-Q09-D02,source_datum_or_condition,B08,Q09,NOT_REQUIRED_WITH_REASON,,source stem belongs to Core2 only,APPLICATION,Core2.md#q09,frozen source realized,NOT_REQUIRED_WITH_REASON,,source stem belongs to Core2 only,NOT_REQUIRED_WITH_REASON,,source stem belongs to Core2 only,NOT_REQUIRED_WITH_REASON,,source stem belongs to Core2 only,NOT_REQUIRED_WITH_REASON,,source stem belongs to Core2 only,1,1
SRC-Q09-D03,source_datum_or_condition,B08,Q09,NOT_REQUIRED_WITH_REASON,,source stem belongs to Core2 only,APPLICATION,Core2.md#q09,frozen source realized,NOT_REQUIRED_WITH_REASON,,source stem belongs to Core2 only,NOT_REQUIRED_WITH_REASON,,source stem belongs to Core2 only,NOT_REQUIRED_WITH_REASON,,source stem belongs to Core2 only,NOT_REQUIRED_WITH_REASON,,source stem belongs to Core2 only,1,1
SRC-Q09-D04,source_datum_or_condition,B08,Q09,NOT_REQUIRED_WITH_REASON,,source stem belongs to Core2 only,APPLICATION,Core2.md#q09,frozen source realized,NOT_REQUIRED_WITH_REASON,,source stem belongs to Core2 only,NOT_REQUIRED_WITH_REASON,,source stem belongs to Core2 only,NOT_REQUIRED_WITH_REASON,,source stem belongs to Core2 only,NOT_REQUIRED_WITH_REASON,,source stem belongs to Core2 only,1,1
SRC-Q09-D05,source_datum_or_condition,B08,Q09,NOT_REQUIRED_WITH_REASON,,source stem belongs to Core2 only,APPLICATION,Core2.md#q09,frozen source realized,NOT_REQUIRED_WITH_REASON,,source stem belongs to Core2 only,NOT_REQUIRED_WITH_REASON,,source stem belongs to Core2 only,NOT_REQUIRED_WITH_REASON,,source stem belongs to Core2 only,NOT_REQUIRED_WITH_REASON,,source stem belongs to Core2 only,1,1
SRC-Q09-D06,source_datum_or_condition,B08,Q09,NOT_REQUIRED_WITH_REASON,,source stem belongs to Core2 only,APPLICATION,Core2.md#q09,frozen source realized,NOT_REQUIRED_WITH_REASON,,source stem belongs to Core2 only,NOT_REQUIRED_WITH_REASON,,source stem belongs to Core2 only,NOT_REQUIRED_WITH_REASON,,source stem belongs to Core2 only,NOT_REQUIRED_WITH_REASON,,source stem belongs to Core2 only,1,1
SRC-Q09-D07,source_datum_or_condition,B08,Q09,NOT_REQUIRED_WITH_REASON,,source stem belongs to Core2 only,APPLICATION,Core2.md#q09,frozen source realized,NOT_REQUIRED_WITH_REASON,,source stem belongs to Core2 only,NOT_REQUIRED_WITH_REASON,,source stem belongs to Core2 only,NOT_REQUIRED_WITH_REASON,,source stem belongs to Core2 only,NOT_REQUIRED_WITH_REASON,,source stem belongs to Core2 only,1,1
SRC-Q09-SP01,source_subpart,B08,Q09,NOT_REQUIRED_WITH_REASON,,source stem belongs to Core2 only,APPLICATION,Core2.md#q09,frozen source realized,NOT_REQUIRED_WITH_REASON,,source stem belongs to Core2 only,NOT_REQUIRED_WITH_REASON,,source stem belongs to Core2 only,NOT_REQUIRED_WITH_REASON,,source stem belongs to Core2 only,NOT_REQUIRED_WITH_REASON,,source stem belongs to Core2 only,1,1
SRC-Q09-SP02,source_subpart,B08,Q09,NOT_REQUIRED_WITH_REASON,,source stem belongs to Core2 only,APPLICATION,Core2.md#q09,frozen source realized,NOT_REQUIRED_WITH_REASON,,source stem belongs to Core2 only,NOT_REQUIRED_WITH_REASON,,source stem belongs to Core2 only,NOT_REQUIRED_WITH_REASON,,source stem belongs to Core2 only,NOT_REQUIRED_WITH_REASON,,source stem belongs to Core2 only,1,1
SRC-Q09-SP03,source_subpart,B08,Q09,NOT_REQUIRED_WITH_REASON,,source stem belongs to Core2 only,APPLICATION,Core2.md#q09,frozen source realized,NOT_REQUIRED_WITH_REASON,,source stem belongs to Core2 only,NOT_REQUIRED_WITH_REASON,,source stem belongs to Core2 only,NOT_REQUIRED_WITH_REASON,,source stem belongs to Core2 only,NOT_REQUIRED_WITH_REASON,,source stem belongs to Core2 only,1,1
SRC-Q10-FULL,source_question_full,B08,Q10,NOT_REQUIRED_WITH_REASON,,source stem belongs to Core2 only,APPLICATION,Core2.md#q10,frozen source realized,NOT_REQUIRED_WITH_REASON,,source stem belongs to Core2 only,NOT_REQUIRED_WITH_REASON,,source stem belongs to Core2 only,NOT_REQUIRED_WITH_REASON,,source stem belongs to Core2 only,NOT_REQUIRED_WITH_REASON,,source stem belongs to Core2 only,1,1
SRC-Q10-D01,source_datum_or_condition,B08,Q10,NOT_REQUIRED_WITH_REASON,,source stem belongs to Core2 only,APPLICATION,Core2.md#q10,frozen source realized,NOT_REQUIRED_WITH_REASON,,source stem belongs to Core2 only,NOT_REQUIRED_WITH_REASON,,source stem belongs to Core2 only,NOT_REQUIRED_WITH_REASON,,source stem belongs to Core2 only,NOT_REQUIRED_WITH_REASON,,source stem belongs to Core2 only,1,1
SRC-Q10-D02,source_datum_or_condition,B08,Q10,NOT_REQUIRED_WITH_REASON,,source stem belongs to Core2 only,APPLICATION,Core2.md#q10,frozen source realized,NOT_REQUIRED_WITH_REASON,,source stem belongs to Core2 only,NOT_REQUIRED_WITH_REASON,,source stem belongs to Core2 only,NOT_REQUIRED_WITH_REASON,,source stem belongs to Core2 only,NOT_REQUIRED_WITH_REASON,,source stem belongs to Core2 only,1,1
SRC-Q10-D03,source_datum_or_condition,B08,Q10,NOT_REQUIRED_WITH_REASON,,source stem belongs to Core2 only,APPLICATION,Core2.md#q10,frozen source realized,NOT_REQUIRED_WITH_REASON,,source stem belongs to Core2 only,NOT_REQUIRED_WITH_REASON,,source stem belongs to Core2 only,NOT_REQUIRED_WITH_REASON,,source stem belongs to Core2 only,NOT_REQUIRED_WITH_REASON,,source stem belongs to Core2 only,1,1
SRC-Q10-D04,source_datum_or_condition,B08,Q10,NOT_REQUIRED_WITH_REASON,,source stem belongs to Core2 only,APPLICATION,Core2.md#q10,frozen source realized,NOT_REQUIRED_WITH_REASON,,source stem belongs to Core2 only,NOT_REQUIRED_WITH_REASON,,source stem belongs to Core2 only,NOT_REQUIRED_WITH_REASON,,source stem belongs to Core2 only,NOT_REQUIRED_WITH_REASON,,source stem belongs to Core2 only,1,1
SRC-Q10-SP01,source_subpart,B08,Q10,NOT_REQUIRED_WITH_REASON,,source stem belongs to Core2 only,APPLICATION,Core2.md#q10,frozen source realized,NOT_REQUIRED_WITH_REASON,,source stem belongs to Core2 only,NOT_REQUIRED_WITH_REASON,,source stem belongs to Core2 only,NOT_REQUIRED_WITH_REASON,,source stem belongs to Core2 only,NOT_REQUIRED_WITH_REASON,,source stem belongs to Core2 only,1,1
SRC-Q10-SP02,source_subpart,B08,Q10,NOT_REQUIRED_WITH_REASON,,source stem belongs to Core2 only,APPLICATION,Core2.md#q10,frozen source realized,NOT_REQUIRED_WITH_REASON,,source stem belongs to Core2 only,NOT_REQUIRED_WITH_REASON,,source stem belongs to Core2 only,NOT_REQUIRED_WITH_REASON,,source stem belongs to Core2 only,NOT_REQUIRED_WITH_REASON,,source stem belongs to Core2 only,1,1
SRC-Q10-SP03,source_subpart,B08,Q10,NOT_REQUIRED_WITH_REASON,,source stem belongs to Core2 only,APPLICATION,Core2.md#q10,frozen source realized,NOT_REQUIRED_WITH_REASON,,source stem belongs to Core2 only,NOT_REQUIRED_WITH_REASON,,source stem belongs to Core2 only,NOT_REQUIRED_WITH_REASON,,source stem belongs to Core2 only,NOT_REQUIRED_WITH_REASON,,source stem belongs to Core2 only,1,1
SRC-Q11-FULL,source_question_full,B05,Q11,NOT_REQUIRED_WITH_REASON,,source stem belongs to Core2 only,APPLICATION,Core2.md#q11,frozen source realized,NOT_REQUIRED_WITH_REASON,,source stem belongs to Core2 only,NOT_REQUIRED_WITH_REASON,,source stem belongs to Core2 only,NOT_REQUIRED_WITH_REASON,,source stem belongs to Core2 only,NOT_REQUIRED_WITH_REASON,,source stem belongs to Core2 only,1,1
SRC-Q11-D01,source_datum_or_condition,B05,Q11,NOT_REQUIRED_WITH_REASON,,source stem belongs to Core2 only,APPLICATION,Core2.md#q11,frozen source realized,NOT_REQUIRED_WITH_REASON,,source stem belongs to Core2 only,NOT_REQUIRED_WITH_REASON,,source stem belongs to Core2 only,NOT_REQUIRED_WITH_REASON,,source stem belongs to Core2 only,NOT_REQUIRED_WITH_REASON,,source stem belongs to Core2 only,1,1
SRC-Q11-D02,source_datum_or_condition,B05,Q11,NOT_REQUIRED_WITH_REASON,,source stem belongs to Core2 only,APPLICATION,Core2.md#q11,frozen source realized,NOT_REQUIRED_WITH_REASON,,source stem belongs to Core2 only,NOT_REQUIRED_WITH_REASON,,source stem belongs to Core2 only,NOT_REQUIRED_WITH_REASON,,source stem belongs to Core2 only,NOT_REQUIRED_WITH_REASON,,source stem belongs to Core2 only,1,1
SRC-Q11-D03,source_datum_or_condition,B05,Q11,NOT_REQUIRED_WITH_REASON,,source stem belongs to Core2 only,APPLICATION,Core2.md#q11,frozen source realized,NOT_REQUIRED_WITH_REASON,,source stem belongs to Core2 only,NOT_REQUIRED_WITH_REASON,,source stem belongs to Core2 only,NOT_REQUIRED_WITH_REASON,,source stem belongs to Core2 only,NOT_REQUIRED_WITH_REASON,,source stem belongs to Core2 only,1,1
SRC-Q11-D04,source_datum_or_condition,B05,Q11,NOT_REQUIRED_WITH_REASON,,source stem belongs to Core2 only,APPLICATION,Core2.md#q11,frozen source realized,NOT_REQUIRED_WITH_REASON,,source stem belongs to Core2 only,NOT_REQUIRED_WITH_REASON,,source stem belongs to Core2 only,NOT_REQUIRED_WITH_REASON,,source stem belongs to Core2 only,NOT_REQUIRED_WITH_REASON,,source stem belongs to Core2 only,1,1
SRC-Q11-D05,source_datum_or_condition,B05,Q11,NOT_REQUIRED_WITH_REASON,,source stem belongs to Core2 only,APPLICATION,Core2.md#q11,frozen source realized,NOT_REQUIRED_WITH_REASON,,source stem belongs to Core2 only,NOT_REQUIRED_WITH_REASON,,source stem belongs to Core2 only,NOT_REQUIRED_WITH_REASON,,source stem belongs to Core2 only,NOT_REQUIRED_WITH_REASON,,source stem belongs to Core2 only,1,1
SRC-Q11-SP01,source_subpart,B05,Q11,NOT_REQUIRED_WITH_REASON,,source stem belongs to Core2 only,APPLICATION,Core2.md#q11,frozen source realized,NOT_REQUIRED_WITH_REASON,,source stem belongs to Core2 only,NOT_REQUIRED_WITH_REASON,,source stem belongs to Core2 only,NOT_REQUIRED_WITH_REASON,,source stem belongs to Core2 only,NOT_REQUIRED_WITH_REASON,,source stem belongs to Core2 only,1,1
SRC-Q11-SP02,source_subpart,B05,Q11,NOT_REQUIRED_WITH_REASON,,source stem belongs to Core2 only,APPLICATION,Core2.md#q11,frozen source realized,NOT_REQUIRED_WITH_REASON,,source stem belongs to Core2 only,NOT_REQUIRED_WITH_REASON,,source stem belongs to Core2 only,NOT_REQUIRED_WITH_REASON,,source stem belongs to Core2 only,NOT_REQUIRED_WITH_REASON,,source stem belongs to Core2 only,1,1
SRC-Q11-SP03,source_subpart,B05,Q11,NOT_REQUIRED_WITH_REASON,,source stem belongs to Core2 only,APPLICATION,Core2.md#q11,frozen source realized,NOT_REQUIRED_WITH_REASON,,source stem belongs to Core2 only,NOT_REQUIRED_WITH_REASON,,source stem belongs to Core2 only,NOT_REQUIRED_WITH_REASON,,source stem belongs to Core2 only,NOT_REQUIRED_WITH_REASON,,source stem belongs to Core2 only,1,1
SRC-Q12-FULL,source_question_full,B08,Q12,NOT_REQUIRED_WITH_REASON,,source stem belongs to Core2 only,APPLICATION,Core2.md#q12,frozen source realized,NOT_REQUIRED_WITH_REASON,,source stem belongs to Core2 only,NOT_REQUIRED_WITH_REASON,,source stem belongs to Core2 only,NOT_REQUIRED_WITH_REASON,,source stem belongs to Core2 only,NOT_REQUIRED_WITH_REASON,,source stem belongs to Core2 only,1,1
SRC-Q12-D01,source_datum_or_condition,B08,Q12,NOT_REQUIRED_WITH_REASON,,source stem belongs to Core2 only,APPLICATION,Core2.md#q12,frozen source realized,NOT_REQUIRED_WITH_REASON,,source stem belongs to Core2 only,NOT_REQUIRED_WITH_REASON,,source stem belongs to Core2 only,NOT_REQUIRED_WITH_REASON,,source stem belongs to Core2 only,NOT_REQUIRED_WITH_REASON,,source stem belongs to Core2 only,1,1
SRC-Q12-D02,source_datum_or_condition,B08,Q12,NOT_REQUIRED_WITH_REASON,,source stem belongs to Core2 only,APPLICATION,Core2.md#q12,frozen source realized,NOT_REQUIRED_WITH_REASON,,source stem belongs to Core2 only,NOT_REQUIRED_WITH_REASON,,source stem belongs to Core2 only,NOT_REQUIRED_WITH_REASON,,source stem belongs to Core2 only,NOT_REQUIRED_WITH_REASON,,source stem belongs to Core2 only,1,1
SRC-Q12-D03,source_datum_or_condition,B08,Q12,NOT_REQUIRED_WITH_REASON,,source stem belongs to Core2 only,APPLICATION,Core2.md#q12,frozen source realized,NOT_REQUIRED_WITH_REASON,,source stem belongs to Core2 only,NOT_REQUIRED_WITH_REASON,,source stem belongs to Core2 only,NOT_REQUIRED_WITH_REASON,,source stem belongs to Core2 only,NOT_REQUIRED_WITH_REASON,,source stem belongs to Core2 only,1,1
SRC-Q12-D04,source_datum_or_condition,B08,Q12,NOT_REQUIRED_WITH_REASON,,source stem belongs to Core2 only,APPLICATION,Core2.md#q12,frozen source realized,NOT_REQUIRED_WITH_REASON,,source stem belongs to Core2 only,NOT_REQUIRED_WITH_REASON,,source stem belongs to Core2 only,NOT_REQUIRED_WITH_REASON,,source stem belongs to Core2 only,NOT_REQUIRED_WITH_REASON,,source stem belongs to Core2 only,1,1
SRC-Q12-SP01,source_subpart,B08,Q12,NOT_REQUIRED_WITH_REASON,,source stem belongs to Core2 only,APPLICATION,Core2.md#q12,frozen source realized,NOT_REQUIRED_WITH_REASON,,source stem belongs to Core2 only,NOT_REQUIRED_WITH_REASON,,source stem belongs to Core2 only,NOT_REQUIRED_WITH_REASON,,source stem belongs to Core2 only,NOT_REQUIRED_WITH_REASON,,source stem belongs to Core2 only,1,1
SRC-Q12-QC01,source_quality_status,B08,Q12,REFERENCE,Core1.md#b08-boatcurrent-and-rainobserver-model-transfer-ambiguity,ambiguity reference,APPLICATION,Core2.md#q12-answer,Q12 underdetermination closure,FULL_TEACHING,Core1A.md#b08-boatcurrent-and-rainobserver-model-transfer-ambiguity,ambiguity teaching,TRANSFER,Core1B.md#b08-boatcurrent-and-rainobserver-model-transfer-ambiguity,ambiguity transfer,REFERENCE,Core2A.md#2a-q12,well-posedness contrast,NOT_REQUIRED_WITH_REASON,,frozen defect held in Core2/teaching,5,5
